CREATE DATABASE LAYLOIHOI_DB;

CREATE TABLE KHACH_HANG(
    MAKH INT PRIMARY KEY,
    TENKH VARCHAR(30),
    DIACHI VARCHAR(50),
    SODT CHAR(11)
);

CREATE TABLE PHONG(
    MAPHONG INT PRIMARY KEY,
    LOAIPHONG VARCHAR(20),
    SOKHACHTOIDA INT,
    GIAPHONG DECIMAL(6,3),
    MOTA VARCHAR(255)
);

CREATE TABLE DAT_PHONG(
    MADATPHONG INT PRIMARY KEY,
    MAPHONG INT,
    MAKH INT,
    NGAYDAT DATE,
    GIOBATDAU TIME,
    GIOKETTHUC TIME,
    TIENDATCOC DECIMAL(6,3),
    GHICHU VARCHAR(255),
    TRANGTHAIDAT VARCHAR(30),
    FOREIGN KEY (MAPHONG) REFERENCES PHONG(MAPHONG),
    FOREIGN KEY (MAKH) REFERENCES khach_hang(MAKH)
);

CREATE TABLE DICH_VU_DI_KEM(
    MADV INT PRIMARY KEY,
    TENDV VARCHAR(255),
    DONVITINH VARCHAR(30),
    DONGIA DECIMAL(6,3)
);

CREATE TABLE CHI_TIET_SU_DUNG_DV(
    MADATPHONG INT,
    MADV INT,
    SOLUONG INT,
    PRIMARY KEY (MADATPHONG, MADV),
    FOREIGN KEY (MADATPHONG) REFERENCES dat_phong(MADATPHONG)
);

-- INSERT DATA
INSERT INTO PHONG (MAPHONG, LOAIPHONG, SOKHACHTOIDA, GIAPHONG, MOTA) VALUES
(1, 'LOAI 1', 20, 60.000, ''),
(2, 'LOAI 1', 25, 80.000, ''),
(3, 'LOAI 2', 15, 50.000, ''),
(4, 'LOAI 3', 20, 50.000, '');

INSERT INTO KHACH_HANG (MAKH, TENKH, DIACHI, SODT) VALUES
(1, 'MARIA OZAWA', 'HOA XUAN', '11111111111'),
(2, 'TOKUDA', 'HOA XUAN', '11111111112'),
(3, 'MIKAMI YUA', 'HOA XUAN', '11111111113'),
(4, 'NGUYEN VAN D', 'HOA XUAN', '11111111114');

INSERT INTO DICH_VU_DI_KEM (MADV, TENDV, DONVITINH, DONGIA) VALUES
(1, 'HOT GIRL', 'EM', 10.000),
(2, 'HOA HAU', 'EM', 20.000),
(3, 'BEER', 'LON', 10.000),
(4, 'TRAI CAY', 'DIA', 35.000);

INSERT INTO DAT_PHONG (MADATPHONG, MAPHONG, MAKH, NGAYDAT, GIOBATDAU, GIOKETTHUC, TIENDATCOC, GHICHU, TRANGTHAIDAT) VALUES
(1, 1, 2, '2018-03-26', '11:00:00', '13:00:00', 100.000, '', 'DA DAT'),
(2, 1, 3, '2018-03-27', '17:15:00', '19:15:00', 50.000, '', 'DA HUY'),
(3, 2, 2, '2018-03-26', '20:30:00', '22:15:00', 100.000, '', 'DA DAT'),
(4, 3, 1, '2018-04-01', '19:30:00', '21:15:00', 200.000, '', 'DA DAT');

INSERT INTO CHI_TIET_SU_DUNG_DV (MADATPHONG, MADV, SOLUONG) VALUES
(1, 1, 20),
(1, 2, 10),
(1, 3, 3),
(2, 2, 10),
(2, 3, 1),
(3, 3, 2),
(3, 4, 10);

-- SELECT DATA
-- Câu 1:Liệt kê MaDatPhong, MaDV, SoLuong của tất cả các dịch vụ có số lượng lớn hơn 3 và nhỏ hơn 10. (1 điểm)
SELECT MADATPHONG,
       MADV,
       SOLUONG
FROM CHI_TIET_SU_DUNG_DV
WHERE SOLUONG > 3 AND SOLUONG < 10;


-- Câu 2: Cập nhật dữ liệu trên trường GiaPhong thuộc bảng PHONG tăng lên 10,000 VNĐ so với giá phòng hiện tại,
-- chỉ cập nhật giá phòng của những phòng có số khách tối đa lớn hơn 10. (1 điểm)
UPDATE PHONG
SET GIAPHONG = GIAPHONG + 10.000
WHERE SOKHACHTOIDA > 10;


-- Câu 3: Xóa tất cả những đơn đặt phòng (từ bảng DAT_PHONG) có trạng thái đặt (TrangThaiDat) là “DA HUY”. (1 điểm)
DELETE FROM CHI_TIET_SU_DUNG_DV
WHERE MADATPHONG IN (SELECT MADATPHONG FROM DAT_PHONG WHERE TRANGTHAIDAT = 'DA HUY');

DELETE FROM DAT_PHONG
WHERE TRANGTHAIDAT = 'DA HUY';


-- Câu 4: Hiển thị TenKH của những khách hàng có tên bắt đầu là một trong các ký tự “H”, “N”, “M”
-- và có độ dài tối đa là 20 ký tự. (1 điểm)
SELECT TENKH
FROM KHACH_HANG
WHERE TENKH LIKE 'H%' OR TENKH LIKE 'N%' OR TENKH LIKE 'M%'
AND LENGTH(TENKH) <= 20;


-- Câu 5: Hiển thị TenKH của tất cả các khách hàng có trong hệ thống, TenKH nào trùng nhau thì chỉ hiển thị một lần.
-- Sinh viên sử dụng hai cách khác nhau để thực hiện yêu cầu trên, mỗi cách sẽ được 0,5 điểm. (1 điểm)
-- Method 1
SElECT DISTINCT TENKH
FROM KHACH_HANG;

-- Method 2
SELECT TENKH
FROM KHACH_HANG
GROUP BY TENKH;


-- Câu 6: Hiển thị MaDV, TenDV, DonViTinh, DonGia của những dịch vụ đi kèm có DonViTinh là “lon” và có DonGia
-- lớn hơn 10,000 VNĐ hoặc những dịch vụ đi kèm có DonViTinh là “Cai” và có DonGia nhỏ hơn 5,000 VNĐ. (1 điểm)
SELECT MADV,
       TENDV,
       DONVITINH,
       DONGIA
FROM DICH_VU_DI_KEM
WHERE (DONVITINH = 'lon' AND DONGIA > 10.000)
   OR (DONVITINH = 'Cai' AND DONGIA < 5.000);


-- Câu 7: Hiển thị MaDatPhong, MaPhong, LoaiPhong, SoKhachToiDa, GiaPhong, MaKH, TenKH, SoDT, NgayDat, GioBatDau,
-- GioKetThuc, MaDichVu, SoLuong, DonGia của những đơn đặt phòng có năm đặt phòng là “2016”, “2017” và đặt
-- những phòng có giá phòng > 50,000 VNĐ/ 1 giờ. (1 điểm)
SELECT
    CHI_TIET_SU_DUNG_DV.MADATPHONG,
    PHONG.MAPHONG,
    PHONG.LOAIPHONG,
    PHONG.SOKHACHTOIDA,
    PHONG.GIAPHONG,
    KHACH_HANG.MAKH,
    KHACH_HANG.TENKH,
    KHACH_HANG.SODT,
    DAT_PHONG.NGAYDAT,
    DAT_PHONG.GIOBATDAU,
    DAT_PHONG.GIOKETTHUC,
    DICH_VU_DI_KEM.MADV,
    CHI_TIET_SU_DUNG_DV.SOLUONG,
    DICH_VU_DI_KEM.DONGIA
FROM
    DAT_PHONG
JOIN
    PHONG ON DAT_PHONG.MAPHONG = PHONG.MAPHONG
JOIN
    KHACH_HANG ON DAT_PHONG.MAKH = KHACH_HANG.MAKH
JOIN
    CHI_TIET_SU_DUNG_DV ON DAT_PHONG.MADATPHONG = CHI_TIET_SU_DUNG_DV.MADATPHONG
JOIN
    DICH_VU_DI_KEM ON CHI_TIET_SU_DUNG_DV.MADV = DICH_VU_DI_KEM.MADV
WHERE
    (EXTRACT(YEAR FROM DAT_PHONG.NGAYDAT) = 2016 OR EXTRACT(YEAR FROM DAT_PHONG.NGAYDAT) = 2017)
    AND PHONG.GIAPHONG > 50.000;


-- Câu 8: Hiển thị MaDatPhong, MaPhong, LoaiPhong, GiaPhong, TenKH, NgayDat, TongTienHat, TongTienSuDungDichVu,
-- TongTienThanhToan tương ứng với từng mã đặt phòng có trong bảng DAT_PHONG. Những đơn đặt phòng nào không sử dụng
-- dịch vụ đi kèm thì cũng liệt kê thông tin của đơn đặt phòng đó ra. (1 điểm)
SELECT
    DAT_PHONG.MADATPHONG,
    DAT_PHONG.MAPHONG,
    PHONG.LOAIPHONG,
    PHONG.GIAPHONG,
    KHACH_HANG.TENKH,
    DAT_PHONG.NGAYDAT,
    -- TongTienHat = GiaPhong * (GioKetThuc – GioBatDau)
    (PHONG.GIAPHONG * EXTRACT(EPOCH FROM (DAT_PHONG.GIOKETTHUC - DAT_PHONG.GIOBATDAU)) / 3600) AS TONGTIENHAT,
    -- TongTienSuDungDichVu = SoLuong * DonGia
    COALESCE(SUM(CHI_TIET_SU_DUNG_DV.SOLUONG * DICH_VU_DI_KEM.DONGIA), 0) AS TONGTIENSUDUNGDICHVU,
    -- TongTienThanhToan = TongTienHat + sum(TongTienSuDungDichVu)
    (PHONG.GIAPHONG * EXTRACT(EPOCH FROM (DAT_PHONG.GIOKETTHUC - DAT_PHONG.GIOBATDAU)) / 3600)
        + COALESCE(SUM(CHI_TIET_SU_DUNG_DV.SOLUONG * DICH_VU_DI_KEM.DONGIA), 0) AS TONGTIENTHANHTOAN
FROM
    DAT_PHONG
JOIN
    PHONG ON DAT_PHONG.MAPHONG = PHONG.MAPHONG
JOIN
    KHACH_HANG ON DAT_PHONG.MAKH = KHACH_HANG.MAKH
LEFT JOIN
    CHI_TIET_SU_DUNG_DV ON DAT_PHONG.MADATPHONG = CHI_TIET_SU_DUNG_DV.MADATPHONG
LEFT JOIN
    DICH_VU_DI_KEM ON CHI_TIET_SU_DUNG_DV.MADV = DICH_VU_DI_KEM.MADV
GROUP BY
    DAT_PHONG.MADATPHONG, DAT_PHONG.MAPHONG, PHONG.LOAIPHONG, PHONG.GIAPHONG,
    KHACH_HANG.TENKH, DAT_PHONG.NGAYDAT, DAT_PHONG.GIOBATDAU, DAT_PHONG.GIOKETTHUC
ORDER BY
    DAT_PHONG.MADATPHONG;